id;name;event;creation_date;override_date;thumbnail;thumbnail_content_type;keywords
1;indeed hassle shakily;during midwife into;2025-05-22T16:38:12;2025-05-22T07:44:16;../fake-data/blob/hipster.png;image/png;those voluntarily
2;sturdy following hence;forgery;2025-05-22T19:56:30;2025-05-22T22:41:26;../fake-data/blob/hipster.png;image/png;onto flickering secondary
3;bravely yum vibrant;cinema splendid definitive;2025-05-22T23:46:34;2025-05-22T13:48:06;../fake-data/blob/hipster.png;image/png;whose
4;patiently;mean;2025-05-22T11:11:55;2025-05-22T17:16:32;../fake-data/blob/hipster.png;image/png;narrate
5;furthermore sternly surprisingly;mysterious hmph phew;2025-05-22T07:04:09;2025-05-22T08:54:34;../fake-data/blob/hipster.png;image/png;coolly
6;while;notwithstanding;2025-05-22T18:06:03;2025-05-22T16:30:10;../fake-data/blob/hipster.png;image/png;commodity obvious
7;deed whose;yum;2025-05-22T11:52:31;2025-05-22T20:28:33;../fake-data/blob/hipster.png;image/png;shadowy
8;inscribe healthily as;ick versus;2025-05-22T15:19:43;2025-05-22T11:05:06;../fake-data/blob/hipster.png;image/png;hidden
9;when bus formation;drat disinherit colossal;2025-05-22T18:41:00;2025-05-22T13:53:48;../fake-data/blob/hipster.png;image/png;naturally till next
10;regularly offset;peaceful;2025-05-22T08:01:25;2025-05-22T05:45:31;../fake-data/blob/hipster.png;image/png;surprised
