id;title;description;image;image_content_type;upload_date;capture_date;location;keywords
1;palatable svelte hm;per;../fake-data/blob/hipster.png;image/png;2025-05-28T08:17:17;2025-05-28T03:02:32;remorseful;regarding pantyhose request
2;mature climb oh;preregister pro after;../fake-data/blob/hipster.png;image/png;2025-05-28T00:16:21;2025-05-27T13:32:28;since yellow hovercraft;outside fuel
3;supposing whose kick;scruple dulcimer;../fake-data/blob/hipster.png;image/png;2025-05-27T13:33:15;2025-05-27T16:45:26;overcooked swiftly;within offend encouragement
4;polished joshingly fooey;diver greedy;../fake-data/blob/hipster.png;image/png;2025-05-27T14:23:25;2025-05-27T19:32:58;stingy pro;sonar
5;unless;uh-huh;../fake-data/blob/hipster.png;image/png;2025-05-28T01:11:54;2025-05-28T07:57:18;howl;runny numeracy culminate
6;accidentally among natural;righteously;../fake-data/blob/hipster.png;image/png;2025-05-27T12:34:48;2025-05-27T16:04:25;approximate intensely;best-seller
7;finally rightfully gadzooks;cutlet;../fake-data/blob/hipster.png;image/png;2025-05-28T00:09:44;2025-05-27T12:59:22;coin jealously;accidentally
8;heighten;yet notwithstanding;../fake-data/blob/hipster.png;image/png;2025-05-28T05:17:44;2025-05-27T13:58:23;gosh;disloyal minor
9;although true once;even including judgementally;../fake-data/blob/hipster.png;image/png;2025-05-28T04:43:00;2025-05-27T11:25:09;idle;surface
10;frightfully even anti;foolishly cheerful co-producer;../fake-data/blob/hipster.png;image/png;2025-05-27T10:01:21;2025-05-27T18:06:13;hot honorable;accessorise especially
